Product Name,Short Description,Description,Category,Subcategory,Brand,SKU,Barcode,Price (INR),Compare At Price (MRP),Cost Price,GST Rate (%),HSN Code,Stock,Weight (grams),Unit,Shipping Weight (g),Min Order Qty,Max Order Qty,Country of Origin,Shelf Life,Best Before,Ingredients,Allergens,Certifications,Is Organic,Is Vegan,Is Gluten Free,Manufacturer,Tags,Product Type,Meta Title,Meta Description,Video URL,Visibility,Image URLs,Happilo Handle
Happilo 100% Natural Premium Californian Almonds 200g,"Premium raw California almonds, non-GMO, no preservatives, gluten-free","Happilo's Premium Californian Almonds are handpicked from the finest almond orchards in California. Rich in protein, healthy fats, Vitamin E, magnesium and fibre. 100% natural with no added preservatives. Ideal as a daily healthy snack.",Nuts,Almonds,Happilo,HAP-ALM-200,,499,649,380,5,0802,100,200,g,220,1,10,India,12 months,,Almonds,Tree Nuts,"FSSAI,Non-GMO,Gluten Free",No,Yes,Yes,ASSIDUUS DISTRIBUTION PVT LTD,"almonds,badam,nuts,dry fruits,california,healthy snacks",nuts,Buy Happilo Premium Californian Almonds 200g Online,"Premium quality California almonds, non-GMO, gluten-free. Rich in Vitamin E and protein.",,Active,https://res.cloudinary.com/dqlmiarqk/image/upload/v1778917941/lotusmart/products/happilo/hap-alm-200.jpg,natural-premium-california-almonds
Happilo 100% Natural Premium Californian Almonds 500g,"Premium raw California almonds 500g value pack, non-GMO, no preservatives","Happilo's Premium Californian Almonds 500g value pack. Handpicked from California's finest orchards. Rich in protein, healthy fats, Vitamin E and fibre. 100% natural, no preservatives.",Nuts,Almonds,Happilo,HAP-ALM-500,,999,1299,750,5,0802,100,500,g,520,1,10,India,12 months,,Almonds,Tree Nuts,"FSSAI,Non-GMO,Gluten Free",No,Yes,Yes,ASSIDUUS DISTRIBUTION PVT LTD,"almonds,badam,nuts,500g,value pack,california",nuts,Buy Happilo Californian Almonds 500g - Value Pack,"Best quality California almonds 500g. Non-GMO, gluten-free, no preservatives.",,Active,https://res.cloudinary.com/dqlmiarqk/image/upload/v1778917943/lotusmart/products/happilo/hap-alm-500.jpg,natural-premium-california-almonds
Happilo 100% Natural Premium Californian Almonds 1kg,"1kg bulk pack of premium raw California almonds, non-GMO, no preservatives","Happilo's Premium Californian Almonds 1kg bulk pack. Perfect for families and regular snackers. Handpicked from California. Rich in protein, Vitamin E, magnesium and healthy fats.",Nuts,Almonds,Happilo,HAP-ALM-1KG,,1799,2299,1350,5,0802,50,1000,g,1020,1,5,India,12 months,,Almonds,Tree Nuts,"FSSAI,Non-GMO,Gluten Free",No,Yes,Yes,ASSIDUUS DISTRIBUTION PVT LTD,"almonds,badam,1kg,bulk,california,nuts",nuts,Buy Happilo Californian Almonds 1kg Bulk Pack,"1kg premium California almonds. Non-GMO, gluten-free, no preservatives. Best badam price in India.",,Active,https://res.cloudinary.com/dqlmiarqk/image/upload/v1778917946/lotusmart/products/happilo/hap-alm-1kg.jpg,natural-premium-california-almonds
Happilo 100% Natural Jumbo Californian Almonds 200g,"Extra-large jumbo California almonds, premium quality, non-GMO","Happilo's Jumbo Californian Almonds are extra-large, premium almonds sourced from the finest California orchards. Their size makes them a standout snack — crunchy, nutritious and satisfying.",Nuts,Almonds,Happilo,HAP-ALM-JMB-200,,549,699,420,5,0802,100,200,g,220,1,10,India,12 months,,Almonds,Tree Nuts,"FSSAI,Non-GMO,Gluten Free",No,Yes,Yes,ASSIDUUS DISTRIBUTION PVT LTD,"jumbo almonds,badam,premium,california,nuts",nuts,Buy Happilo Jumbo Californian Almonds 200g,"Extra-large premium jumbo California almonds. Non-GMO, gluten-free.",,Active,https://res.cloudinary.com/dqlmiarqk/image/upload/v1778917949/lotusmart/products/happilo/hap-alm-jmb-200.jpg,happilo-100-natural-popular-californian-almonds
Happilo Roasted & Lightly Salted Premium Californian Almonds 200g,"Dry roasted, lightly salted California almonds with Himalayan pink salt","Happilo's Roasted & Lightly Salted Californian Almonds are dry roasted without oil and lightly seasoned with Himalayan pink salt. No preservatives. Crunchy, flavourful and healthy.",Nuts,Almonds,Happilo,HAP-ALM-RST-200,,499,649,380,5,0802,100,200,g,220,1,10,India,12 months,,"Almonds, Himalayan Pink Salt",Tree Nuts,"FSSAI,Non-GMO,Gluten Free",No,Yes,Yes,ASSIDUUS DISTRIBUTION PVT LTD,"roasted almonds,salted almonds,badam,healthy snack",nuts,Buy Happilo Roasted Salted Californian Almonds 200g,"Dry roasted lightly salted California almonds with Himalayan pink salt. No oil, no preservatives.",,Active,https://res.cloudinary.com/dqlmiarqk/image/upload/v1778917951/lotusmart/products/happilo/hap-alm-rst-200.jpg,happilo-premium-californian-almonds-roasted-salted
Happilo Roasted & Lightly Salted Premium Californian Almonds 500g,"Dry roasted, lightly salted California almonds 500g value pack","Happilo's Roasted & Lightly Salted Californian Almonds 500g. Dry roasted without oil with Himalayan pink salt. No preservatives, gluten-free.",Nuts,Almonds,Happilo,HAP-ALM-RST-500,,999,1299,750,5,0802,100,500,g,520,1,10,India,12 months,,"Almonds, Himalayan Pink Salt",Tree Nuts,"FSSAI,Non-GMO,Gluten Free",No,Yes,Yes,ASSIDUUS DISTRIBUTION PVT LTD,"roasted almonds,salted,500g,value pack,nuts",nuts,Buy Happilo Roasted Salted Almonds 500g Value Pack,"500g dry roasted lightly salted California almonds. Non-GMO, no preservatives.",,Active,https://res.cloudinary.com/dqlmiarqk/image/upload/v1778917953/lotusmart/products/happilo/hap-alm-rst-500.jpg,happilo-premium-californian-almonds-roasted-salted
Happilo Premium Whole Cashew Nuts 200g,"Premium whole cashews, creamy and naturally delicious, gluten-free","Happilo's Premium Natural Whole Cashews are top-quality cashews sourced from trusted farms. They are whole, smooth and naturally delicious, offering a mild, creamy flavour. High in minerals, healthy fats and plant protein.",Nuts,Cashews,Happilo,HAP-CSH-200,,336,395,255,5,0801,100,200,g,220,1,10,India,12 months,,Cashews,Tree Nuts,"FSSAI,Non-GMO,Gluten Free",No,Yes,Yes,ASSIDUUS DISTRIBUTION PVT LTD,"cashews,kaju,nuts,whole cashews,dry fruits",nuts,Buy Happilo Premium Whole Cashew Nuts 200g,"Premium whole cashews, naturally delicious, gluten-free, no preservatives.",,Active,https://res.cloudinary.com/dqlmiarqk/image/upload/v1778917956/lotusmart/products/happilo/hap-csh-200.jpg,premium-whole-cashew-nuts-online
Happilo Premium Whole Cashew Nuts 500g,"Premium whole cashews 500g value pack, creamy and naturally delicious","Happilo's Premium Natural Whole Cashews 500g. Top-quality whole cashews with mild, creamy flavour. High in minerals, healthy fats and plant protein. Gluten-free.",Nuts,Cashews,Happilo,HAP-CSH-500,,750,995,570,5,0801,100,500,g,520,1,10,India,12 months,,Cashews,Tree Nuts,"FSSAI,Non-GMO,Gluten Free",No,Yes,Yes,ASSIDUUS DISTRIBUTION PVT LTD,"cashews,kaju,500g,value pack,nuts",nuts,Buy Happilo Premium Whole Cashews 500g Value Pack,"500g premium whole cashews. Gluten-free, non-GMO, no preservatives.",,Active,https://res.cloudinary.com/dqlmiarqk/image/upload/v1778917958/lotusmart/products/happilo/hap-csh-500.jpg,premium-whole-cashew-nuts-online
Happilo Premium Whole Cashew Nuts 1kg,"1kg bulk pack premium whole cashews, creamy, gluten-free","Happilo's Premium Whole Cashews 1kg bulk pack. Perfect for families and cooking. Top-quality cashews with mild, creamy flavour. Gluten-free, no preservatives.",Nuts,Cashews,Happilo,HAP-CSH-1KG,,1499,1990,1140,5,0801,50,1000,g,1020,1,5,India,12 months,,Cashews,Tree Nuts,"FSSAI,Non-GMO,Gluten Free",No,Yes,Yes,ASSIDUUS DISTRIBUTION PVT LTD,"cashews,kaju,1kg,bulk,nuts,dry fruits",nuts,Buy Happilo Premium Whole Cashew Nuts 1kg Bulk Pack,"1kg premium whole cashews. Best kaju price in India. Gluten-free, non-GMO.",,Active,https://res.cloudinary.com/dqlmiarqk/image/upload/v1778917961/lotusmart/products/happilo/hap-csh-1kg.jpg,premium-whole-cashew-nuts-online
Happilo Roasted & Salted Premium Cashew Nuts 200g,"Freshly oven roasted and lightly salted cashews, no oil, no preservatives","Happilo's Roasted & Salted Cashews are oven roasted without oil and lightly salted. Crispy, flavourful and nutritious. No preservatives, gluten-free.",Nuts,Cashews,Happilo,HAP-CSH-RST-200,,399,499,305,5,0801,100,200,g,220,1,10,India,12 months,,"Cashews, Salt",Tree Nuts,"FSSAI,Non-GMO,Gluten Free",No,Yes,Yes,ASSIDUUS DISTRIBUTION PVT LTD,"roasted cashews,salted kaju,healthy snack,nuts",nuts,Buy Happilo Roasted Salted Cashew Nuts 200g,"Freshly oven roasted salted cashews. No oil, no preservatives, gluten-free.",,Active,https://res.cloudinary.com/dqlmiarqk/image/upload/v1778917964/lotusmart/products/happilo/hap-csh-rst-200.jpg,happilo-rosted-salted-pre-cashew-nuts
Happilo Roasted & Salted Iranian Pistachios 200g,"Premium Iranian pistachios, roasted and salted, rich in healthy fats","Happilo's Roasted & Salted Iranian Pistachios are sourced from the finest Iranian orchards. Roasted and lightly salted to bring out their natural flavour. Rich in protein, fibre and healthy fats.",Nuts,Pistachios,Happilo,HAP-PST-200,,355,449,270,5,0802,100,200,g,220,1,10,India,12 months,,"Pistachios, Salt",Tree Nuts,"FSSAI,Non-GMO,Gluten Free",No,Yes,Yes,ASSIDUUS DISTRIBUTION PVT LTD,"pistachios,pista,iranian pista,nuts,roasted",nuts,Buy Happilo Roasted Salted Iranian Pistachios 200g,"Premium Iranian pistachios, roasted and salted. Rich in protein and healthy fats.",,Active,https://res.cloudinary.com/dqlmiarqk/image/upload/v1778917966/lotusmart/products/happilo/hap-pst-200.jpg,happilo-premium-international-nuts-berries
Happilo Roasted & Salted Iranian Pistachios 500g,"Premium Iranian pistachios 500g, roasted and salted, gluten-free","Happilo's Roasted & Salted Iranian Pistachios 500g value pack. Sourced from finest Iranian orchards. Rich in protein, fibre and healthy fats. Gluten-free.",Nuts,Pistachios,Happilo,HAP-PST-500,,792,990,600,5,0802,100,500,g,520,1,10,India,12 months,,"Pistachios, Salt",Tree Nuts,"FSSAI,Non-GMO,Gluten Free",No,Yes,Yes,ASSIDUUS DISTRIBUTION PVT LTD,"pistachios,pista,500g,value pack,nuts",nuts,Buy Happilo Roasted Iranian Pistachios 500g Value Pack,"500g premium Iranian pistachios, roasted and salted. Non-GMO, gluten-free.",,Active,https://res.cloudinary.com/dqlmiarqk/image/upload/v1778917968/lotusmart/products/happilo/hap-pst-500.jpg,happilo-premium-international-nuts-berries
Happilo Roasted & Salted Californian Pistachios 200g,"Premium California pistachios, roasted and salted, naturally flavourful","Happilo's Roasted & Salted Californian Pistachios are sourced from California. Rich flavour, crunchy texture. High in protein and fibre. Gluten-free.",Nuts,Pistachios,Happilo,HAP-PST-CAL-200,,399,499,305,5,0802,100,200,g,220,1,10,India,12 months,,"Pistachios, Salt",Tree Nuts,"FSSAI,Non-GMO,Gluten Free",No,Yes,Yes,ASSIDUUS DISTRIBUTION PVT LTD,"pistachios,california pista,nuts,roasted,salted",nuts,Buy Happilo Roasted Californian Pistachios 200g,"Premium California pistachios, roasted and salted. Gluten-free, no preservatives.",,Active,https://res.cloudinary.com/dqlmiarqk/image/upload/v1778917970/lotusmart/products/happilo/hap-pst-cal-200.jpg,california-roasted-salted-pistachios
Happilo 100% Natural Deluxe Kashmiri Walnut Kernels 200g,"Premium Kashmiri walnut kernels, rich in Omega-3, gluten-free","Happilo's Deluxe Kashmiri Walnut Kernels are sourced from the Kashmir Valley. Rich in Omega-3 fatty acids, antioxidants and protein. Natural, no preservatives, non-GMO.",Nuts,Walnuts,Happilo,HAP-WLN-200,,449,599,345,5,0802,100,200,g,220,1,10,India,12 months,,Walnuts,Tree Nuts,"FSSAI,Non-GMO,Gluten Free",No,Yes,Yes,ASSIDUUS DISTRIBUTION PVT LTD,"walnuts,akhrot,kashmiri walnuts,omega 3,nuts",nuts,Buy Happilo Kashmiri Walnut Kernels 200g,"Premium Kashmiri walnut kernels. Rich in Omega-3, antioxidants, gluten-free.",,Active,https://res.cloudinary.com/dqlmiarqk/image/upload/v1778917972/lotusmart/products/happilo/hap-wln-200.jpg,kashmiri-deluxe-walnut-kernels
Happilo 100% Natural Deluxe Kashmiri Walnut Kernels 500g,"Premium Kashmiri walnut kernels 500g, rich in Omega-3, gluten-free","Happilo's Deluxe Kashmiri Walnut Kernels 500g. Sourced from the Kashmir Valley. Rich in Omega-3 fatty acids, antioxidants and protein.",Nuts,Walnuts,Happilo,HAP-WLN-500,,999,1299,760,5,0802,100,500,g,520,1,10,India,12 months,,Walnuts,Tree Nuts,"FSSAI,Non-GMO,Gluten Free",No,Yes,Yes,ASSIDUUS DISTRIBUTION PVT LTD,"walnuts,akhrot,500g,omega 3,kashmiri nuts",nuts,Buy Happilo Kashmiri Walnut Kernels 500g,500g premium Kashmiri walnut kernels. Rich in Omega-3 and antioxidants.,,Active,https://res.cloudinary.com/dqlmiarqk/image/upload/v1778917974/lotusmart/products/happilo/hap-wln-500.jpg,kashmiri-deluxe-walnut-kernels
Happilo 100% Natural Californian Walnut Kernels 200g,"Premium California walnut kernels, rich in Omega-3 and antioxidants","Happilo's Californian Walnut Kernels sourced from California. Rich in Omega-3 fatty acids, protein and antioxidants. Gluten-free, non-GMO.",Nuts,Walnuts,Happilo,HAP-WLN-CAL-200,,399,499,305,5,0802,100,200,g,220,1,10,India,12 months,,Walnuts,Tree Nuts,"FSSAI,Non-GMO,Gluten Free",No,Yes,Yes,ASSIDUUS DISTRIBUTION PVT LTD,"walnuts,california walnuts,omega 3,nuts,akhrot",nuts,Buy Happilo Californian Walnut Kernels 200g,"Premium California walnut kernels. Rich in Omega-3, gluten-free.",,Active,https://res.cloudinary.com/dqlmiarqk/image/upload/v1778917977/lotusmart/products/happilo/hap-wln-cal-200.png,natural-californian-walnut-kernels
Happilo Premium International Exotic Brazil Nuts 200g,"Premium Brazil nuts, rich in selenium and healthy fats, gluten-free","Happilo's Premium Brazil Nuts are sourced internationally. Naturally rich in selenium, healthy fats and protein. One of the best dietary sources of selenium. Gluten-free, non-GMO.",Nuts,Brazil Nuts,Happilo,HAP-BRZ-200,,499,649,380,5,0802,100,200,g,220,1,10,India,12 months,,Brazil Nuts,Tree Nuts,"FSSAI,Non-GMO,Gluten Free",No,Yes,Yes,ASSIDUUS DISTRIBUTION PVT LTD,"brazil nuts,selenium,exotic nuts,healthy fats",nuts,Buy Happilo Premium Brazil Nuts 200g,"Premium Brazil nuts rich in selenium and healthy fats. Gluten-free, non-GMO.",,Active,https://res.cloudinary.com/dqlmiarqk/image/upload/v1778918301/lotusmart/products/happilo/hap-brz-200.png,happilo-premium-international-exotic-brazil-nuts
Happilo Premium All Natural Fox Nuts Phool Makhana 100g,"Crispy roasted fox nuts (makhana), high protein, low fat, gluten-free","Happilo's Premium Fox Nuts (Phool Makhana) are naturally dried and crispy. High in protein, low in fat and calories. A perfect guilt-free snack. Gluten-free, non-GMO.",Nuts,Fox Nuts,Happilo,HAP-MKH-100,,199,249,150,5,1008,100,100,g,120,1,10,India,12 months,,Fox Nuts (Makhana),,"FSSAI,Non-GMO,Gluten Free",No,Yes,Yes,ASSIDUUS DISTRIBUTION PVT LTD,"makhana,fox nuts,phool makhana,healthy snack,low fat",nuts,Buy Happilo Premium Fox Nuts Makhana 100g,"Crispy roasted fox nuts, high protein, low fat. Gluten-free healthy snack.",,Active,https://res.cloudinary.com/dqlmiarqk/image/upload/v1778917982/lotusmart/products/happilo/hap-mkh-100.jpg,happilo-premium-all-natural-fox-nuts-phool-makhana-100g-healthy-snack-low-calorie-gluten-free-and-vegan
Happilo Premium Seedless Green Raisins 250g,"Premium seedless green raisins, naturally sweet, rich in iron and calcium","Happilo's Premium Seedless Green Raisins are naturally sweet and juicy. Rich in iron, calcium, potassium and antioxidants. No added sugar, no preservatives.",Dried Fruits,Raisins,Happilo,HAP-RSN-GRN-250,,165,210,125,5,0806,100,250,g,270,1,10,India,12 months,,Green Raisins (Kishmish),,"FSSAI,Gluten Free",No,Yes,Yes,ASSIDUUS DISTRIBUTION PVT LTD,"raisins,kishmish,green raisins,dry fruits,iron",dried_fruit,Buy Happilo Premium Seedless Green Raisins 250g,"Premium seedless green raisins, naturally sweet, rich in iron and calcium.",,Active,https://res.cloudinary.com/dqlmiarqk/image/upload/v1778917985/lotusmart/products/happilo/hap-rsn-grn-250.jpg,happilo-premium-seedless-green-raisins
Happilo Premium Seedless Green Raisins 500g,"Premium seedless green raisins 500g, naturally sweet, no preservatives","Happilo's Premium Seedless Green Raisins 500g. Naturally sweet and juicy, rich in iron, calcium and antioxidants. No added sugar, no preservatives.",Dried Fruits,Raisins,Happilo,HAP-RSN-GRN-500,,299,399,228,5,0806,100,500,g,520,1,10,India,12 months,,Green Raisins,,"FSSAI,Gluten Free",No,Yes,Yes,ASSIDUUS DISTRIBUTION PVT LTD,"raisins,kishmish,500g,dry fruits,green raisins",dried_fruit,Buy Happilo Green Raisins 500g Value Pack,"500g premium seedless green raisins. Naturally sweet, no preservatives.",,Active,https://res.cloudinary.com/dqlmiarqk/image/upload/v1778918312/lotusmart/products/happilo/hap-rsn-grn-500.jpg,happilo-premium-seedless-green-raisins
Happilo Premium Afghani Seedless Black Raisins 250g,"Premium Afghani black raisins, seedless, naturally sweet, rich in antioxidants","Happilo's Premium Afghani Seedless Black Raisins are sourced from Afghanistan. Naturally sweet and rich in antioxidants, iron and fibre. No added sugar.",Dried Fruits,Raisins,Happilo,HAP-RSN-BLK-250,,225,299,172,5,0806,100,250,g,270,1,10,India,12 months,,Black Raisins,,"FSSAI,Gluten Free",No,Yes,Yes,ASSIDUUS DISTRIBUTION PVT LTD,"black raisins,kali kishmish,afghani raisins,dry fruits",dried_fruit,Buy Happilo Afghani Seedless Black Raisins 250g,"Premium Afghani black raisins, seedless, naturally sweet, antioxidant-rich.",,Active,https://res.cloudinary.com/dqlmiarqk/image/upload/v1778917995/lotusmart/products/happilo/hap-rsn-blk-250.jpg,happilo-premium-seedless-afghani-black-raisins
Happilo Premium Natural Dried Anjeer (Figs) 200g,"Premium dried figs (anjeer), naturally sweet, rich in fibre and calcium","Happilo's Premium Dried Anjeer (Figs) are sun-dried and naturally sweet. Rich in dietary fibre, calcium and iron. Great for digestion and bone health. No added sugar.",Dried Fruits,Anjeer,Happilo,HAP-ANJ-200,,299,399,228,5,0804,100,200,g,220,1,10,India,12 months,,Dried Figs (Anjeer),,"FSSAI,Gluten Free",No,Yes,Yes,ASSIDUUS DISTRIBUTION PVT LTD,"anjeer,figs,dried figs,dry fruits,fibre,calcium",dried_fruit,Buy Happilo Premium Dried Anjeer Figs 200g,"Premium natural dried anjeer, rich in fibre and calcium. No added sugar.",,Active,https://res.cloudinary.com/dqlmiarqk/image/upload/v1778918318/lotusmart/products/happilo/hap-anj-200.jpg,happilo-premium-dried-afghani-anjeer
Happilo Premium Natural Dried Anjeer (Figs) 500g,"Premium dried figs 500g value pack, naturally sweet, rich in fibre","Happilo's Premium Dried Anjeer (Figs) 500g. Sun-dried, naturally sweet, rich in dietary fibre, calcium and iron. No added sugar, no preservatives.",Dried Fruits,Anjeer,Happilo,HAP-ANJ-500,,649,849,495,5,0804,100,500,g,520,1,10,India,12 months,,Dried Figs,,"FSSAI,Gluten Free",No,Yes,Yes,ASSIDUUS DISTRIBUTION PVT LTD,"anjeer,figs,500g,dry fruits,fibre",dried_fruit,Buy Happilo Premium Dried Figs Anjeer 500g,"500g premium dried anjeer figs. Naturally sweet, rich in fibre. No preservatives.",,Active,https://res.cloudinary.com/dqlmiarqk/image/upload/v1778918321/lotusmart/products/happilo/hap-anj-500.jpg,happilo-premium-dried-afghani-anjeer
Happilo Premium Dried Californian Pitted Prunes 200g,"Premium California pitted prunes, naturally sweet, rich in fibre and iron","Happilo's Premium Californian Pitted Prunes are sourced from California. Naturally sweet, seedless and ready to eat. Rich in dietary fibre, iron and antioxidants. Great for digestion.",Dried Fruits,Apricots,Happilo,HAP-PRN-200,,249,329,190,5,0813,100,200,g,220,1,10,India,12 months,,Pitted Prunes,,"FSSAI,Gluten Free",No,Yes,Yes,ASSIDUUS DISTRIBUTION PVT LTD,"prunes,dried prunes,california prunes,dry fruits,fibre",dried_fruit,Buy Happilo Premium Californian Pitted Prunes 200g,"Premium California pitted prunes, naturally sweet, rich in fibre and iron.",,Active,https://res.cloudinary.com/dqlmiarqk/image/upload/v1778918002/lotusmart/products/happilo/hap-prn-200.jpg,happilo-premium-dried-californian-pitted-prunes
Happilo Premium Dried Turkish Apricots 200g,"Premium Turkish dried apricots, naturally sweet, rich in beta-carotene","Happilo's Premium Dried Turkish Apricots are sourced from Turkey. Naturally sweet, soft and chewy. Rich in beta-carotene, Vitamin A, fibre and potassium.",Dried Fruits,Apricots,Happilo,HAP-APR-200,,249,329,190,5,0813,100,200,g,220,1,10,India,12 months,,Dried Apricots,Sulphites,"FSSAI,Gluten Free",No,Yes,Yes,ASSIDUUS DISTRIBUTION PVT LTD,"apricots,khurmani,dried apricots,turkish apricots,dry fruits",dried_fruit,Buy Happilo Premium Dried Turkish Apricots 200g,"Premium Turkish dried apricots, naturally sweet, rich in Vitamin A and beta-carotene.",,Active,https://res.cloudinary.com/dqlmiarqk/image/upload/v1778918327/lotusmart/products/happilo/hap-apr-200.jpg,premium-turkish-apricots
Happilo Premium Californian Dried Whole Cranberries 200g,"Premium dried cranberries, naturally sweet-tart, rich in antioxidants","Happilo's Premium Dried Whole Cranberries. Naturally sweet-tart flavour. Rich in antioxidants, Vitamin C and fibre. Perfect for snacking, baking and salads.",Dried Fruits,Cranberries,Happilo,HAP-CRN-200,,249,329,190,5,0813,100,200,g,220,1,10,India,12 months,,"Cranberries, Sugar",,"FSSAI,Gluten Free",No,Yes,Yes,ASSIDUUS DISTRIBUTION PVT LTD,"cranberries,dried berries,antioxidants,dry fruits",dried_fruit,Buy Happilo Premium Dried Cranberries 200g,"Premium dried whole cranberries, rich in antioxidants and Vitamin C.",,Active,https://res.cloudinary.com/dqlmiarqk/image/upload/v1778918007/lotusmart/products/happilo/hap-crn-200.jpg,californian-whole-cranberries-dried-fruit-sweet
Happilo Healthy & Sweet Californian Dried Mango 200g,"Premium dried mango slices, naturally sweet, no added sugar",Happilo's Dried Mango slices are made from premium Californian mangoes. Naturally sweet with no added sugar or preservatives. Rich in Vitamin C and fibre.,Dried Fruits,Mango,Happilo,HAP-MNG-200,,229,299,175,5,0804,100,200,g,220,1,10,India,12 months,,Dried Mango,,"FSSAI,Gluten Free",No,Yes,Yes,ASSIDUUS DISTRIBUTION PVT LTD,"dried mango,mango slices,california mango,dry fruits",dried_fruit,Buy Happilo Dried Californian Mango 200g,"Premium dried mango slices, naturally sweet, no added sugar, rich in Vitamin C.",,Active,https://res.cloudinary.com/dqlmiarqk/image/upload/v1778918009/lotusmart/products/happilo/hap-mng-200.jpg,happilo-premium-international-nuts-berries
Happilo Premium Dried Blueberries 150g,"Premium dried blueberries, rich in antioxidants and Vitamin C","Happilo's Premium Dried Blueberries are a delicious and nutritious berry snack. Loaded with antioxidants, Vitamin C and fibre. Perfect for snacking, oatmeal and baking.",Berries,Blueberries,Happilo,HAP-BLB-150,,299,399,228,5,0810,100,150,g,170,1,10,India,12 months,,"Blueberries, Sugar",,"FSSAI,Gluten Free",No,Yes,Yes,ASSIDUUS DISTRIBUTION PVT LTD,"blueberries,dried berries,antioxidants,superfoods",dried_fruit,Buy Happilo Premium Dried Blueberries 150g,"Premium dried blueberries, loaded with antioxidants and Vitamin C.",,Active,https://res.cloudinary.com/dqlmiarqk/image/upload/v1778918349/lotusmart/products/happilo/hap-blb-150.jpg,happilo-premium-international-nuts-berries
Happilo Premium Californian Dried Whole Cranberries 200g,"Premium dried cranberries, sweet-tart flavour, rich in antioxidants","Happilo's Premium Dried Whole Cranberries. Sweet-tart flavour, rich in antioxidants, Vitamin C and fibre. Great for snacking, baking and salads.",Berries,Cranberries,Happilo,HAP-CRN-BRY-200,,249,329,190,5,0810,100,200,g,220,1,10,India,12 months,,"Cranberries, Sugar",,"FSSAI,Gluten Free",No,Yes,Yes,ASSIDUUS DISTRIBUTION PVT LTD,"cranberries,dried cranberries,berries,antioxidants",dried_fruit,Buy Happilo Premium Dried Cranberries 200g,"Premium whole dried cranberries, rich in antioxidants. Great for snacking and baking.",,Active,https://res.cloudinary.com/dqlmiarqk/image/upload/v1778918015/lotusmart/products/happilo/hap-crn-bry-200.jpg,californian-whole-cranberries-dried-fruit-sweet
Happilo Premium Dried Californian Sliced Dried Cranberries 200g,"Premium sliced dried cranberries, sweet-tart, antioxidant-rich","Happilo's Sliced Dried Cranberries in a convenient sliced format. Rich in antioxidants and Vitamin C. Perfect for topping oatmeal, salads and baked goods.",Berries,Cranberries,Happilo,HAP-CRN-SLC-200,,229,299,175,5,0810,100,200,g,220,1,10,India,12 months,,"Cranberries, Sugar",,"FSSAI,Gluten Free",No,Yes,Yes,ASSIDUUS DISTRIBUTION PVT LTD,"sliced cranberries,berries,antioxidants,toppings",dried_fruit,Buy Happilo Sliced Dried Cranberries 200g,"Premium sliced dried cranberries, antioxidant-rich. Perfect for toppings.",,Active,https://res.cloudinary.com/dqlmiarqk/image/upload/v1778918018/lotusmart/products/happilo/hap-crn-slc-200.jpg,happilo-premium-californian-sliced-cranberries-dried-sweet
Happilo Premium Dried Strawberries 150g,"Premium dried strawberries, naturally sweet, rich in Vitamin C",Happilo's Premium Dried Strawberries are naturally sweet and packed with Vitamin C and antioxidants. Perfect for snacking or adding to cereals and desserts.,Berries,Strawberries,Happilo,HAP-STR-150,,249,329,190,5,0810,100,150,g,170,1,10,India,12 months,,"Strawberries, Sugar",,"FSSAI,Gluten Free",No,Yes,Yes,ASSIDUUS DISTRIBUTION PVT LTD,"strawberries,dried strawberries,berries,vitamin c",dried_fruit,Buy Happilo Premium Dried Strawberries 150g,"Premium dried strawberries, naturally sweet, rich in Vitamin C and antioxidants.",,Active,https://res.cloudinary.com/dqlmiarqk/image/upload/v1778918020/lotusmart/products/happilo/hap-str-150.jpg,happilo-premium-international-dried-tropical-fruit-medley
Happilo Premium Raw Authentic Chia Seeds 200g,"Premium raw chia seeds, rich in Omega-3, fibre and protein","Happilo's Premium Raw Chia Seeds are a superfood packed with Omega-3 fatty acids, dietary fibre and plant protein. Easy to add to smoothies, oatmeal and drinks. Non-GMO, gluten-free.",Seeds,Chia,Happilo,HAP-CHI-200,,199,259,152,5,1207,100,200,g,220,1,10,India,12 months,,Chia Seeds,,"FSSAI,Non-GMO,Gluten Free",Yes,Yes,Yes,ASSIDUUS DISTRIBUTION PVT LTD,"chia seeds,omega 3,superfood,seeds,protein",seeds,Buy Happilo Premium Raw Chia Seeds 200g,"Premium raw chia seeds, superfood rich in Omega-3, fibre and protein.",,Active,https://res.cloudinary.com/dqlmiarqk/image/upload/v1778918023/lotusmart/products/happilo/hap-chi-200.jpg,happilo-premium-raw-authentic-chia-seeds-jar-1000g-200g-free
Happilo Premium Raw Authentic Chia Seeds 500g,"Premium raw chia seeds 500g, superfood, rich in Omega-3 and fibre","Happilo's Premium Raw Chia Seeds 500g. Superfood packed with Omega-3 fatty acids, fibre and plant protein. Non-GMO, gluten-free.",Seeds,Chia,Happilo,HAP-CHI-500,,449,579,342,5,1207,100,500,g,520,1,10,India,12 months,,Chia Seeds,,"FSSAI,Non-GMO,Gluten Free",Yes,Yes,Yes,ASSIDUUS DISTRIBUTION PVT LTD,"chia seeds,500g,omega 3,superfood,seeds",seeds,Buy Happilo Premium Chia Seeds 500g,"500g premium raw chia seeds, rich in Omega-3. Non-GMO, gluten-free superfood.",,Active,https://res.cloudinary.com/dqlmiarqk/image/upload/v1778918026/lotusmart/products/happilo/hap-chi-500.jpg,happilo-premium-raw-organic-authentic-chia-seeds-250g
Happilo Premium Authentic Flax Seeds Roasted 200g,"Premium roasted flax seeds (alsi), rich in Omega-3 and lignans","Happilo's Premium Roasted Flax Seeds (Alsi) are rich in Omega-3 fatty acids, lignans and dietary fibre. Roasted for better digestibility and flavour. Gluten-free, non-GMO.",Seeds,Flax,Happilo,HAP-FLX-RST-200,,149,199,114,5,1204,100,200,g,220,1,10,India,12 months,,Roasted Flax Seeds,,"FSSAI,Non-GMO,Gluten Free",No,Yes,Yes,ASSIDUUS DISTRIBUTION PVT LTD,"flax seeds,alsi,roasted flax,omega 3,seeds,lignans",seeds,Buy Happilo Roasted Flax Seeds 200g,"Premium roasted flax seeds, rich in Omega-3 and lignans. Gluten-free.",,Active,https://res.cloudinary.com/dqlmiarqk/image/upload/v1778918029/lotusmart/products/happilo/hap-flx-rst-200.jpg,happilo-premium-authentic-flax-seeds-roasted-250g
Happilo Premium Authentic Flax Seeds Roasted 500g,"Premium roasted flax seeds 500g, rich in Omega-3, fibre and lignans","Happilo's Premium Roasted Flax Seeds 500g. Roasted for better digestibility. Rich in Omega-3, lignans and fibre. Gluten-free.",Seeds,Flax,Happilo,HAP-FLX-RST-500,,299,399,228,5,1204,100,500,g,520,1,10,India,12 months,,Roasted Flax Seeds,,"FSSAI,Non-GMO,Gluten Free",No,Yes,Yes,ASSIDUUS DISTRIBUTION PVT LTD,"flax seeds,500g,omega 3,alsi,roasted",seeds,Buy Happilo Roasted Flax Seeds 500g,500g premium roasted flax seeds. Rich in Omega-3 and lignans. Gluten-free.,,Active,https://res.cloudinary.com/dqlmiarqk/image/upload/v1778918379/lotusmart/products/happilo/hap-flx-rst-500.jpg,happilo-premium-authentic-flax-seeds-roasted-250g
Happilo Premium Pumpkin Seeds All Natural 200g,"Premium pumpkin seeds, rich in zinc, magnesium and healthy fats","Happilo's Premium Pumpkin Seeds are all-natural and packed with zinc, magnesium, iron and healthy fats. Great for immunity and heart health. Gluten-free, non-GMO.",Seeds,Pumpkin,Happilo,HAP-PKN-200,,199,259,152,5,1207,100,200,g,220,1,10,India,12 months,,Pumpkin Seeds,,"FSSAI,Non-GMO,Gluten Free",No,Yes,Yes,ASSIDUUS DISTRIBUTION PVT LTD,"pumpkin seeds,zinc,magnesium,seeds,healthy fats",seeds,Buy Happilo Premium Pumpkin Seeds 200g,"Premium pumpkin seeds, rich in zinc and magnesium. Gluten-free, non-GMO.",,Active,https://res.cloudinary.com/dqlmiarqk/image/upload/v1778918383/lotusmart/products/happilo/hap-pkn-200.jpg,happilo-premium-pumpkin-seeds-all-natural-jar-900g
Happilo Premium Pumpkin Seeds All Natural 500g,"Premium pumpkin seeds 500g, rich in zinc, magnesium and healthy fats","Happilo's Premium Pumpkin Seeds 500g. All-natural, packed with zinc, magnesium and iron. Great for immunity and heart health. Gluten-free.",Seeds,Pumpkin,Happilo,HAP-PKN-500,,449,579,342,5,1207,100,500,g,520,1,10,India,12 months,,Pumpkin Seeds,,"FSSAI,Non-GMO,Gluten Free",No,Yes,Yes,ASSIDUUS DISTRIBUTION PVT LTD,"pumpkin seeds,500g,zinc,seeds,magnesium",seeds,Buy Happilo Premium Pumpkin Seeds 500g,"500g premium pumpkin seeds, rich in zinc and magnesium. Gluten-free.",,Active,https://res.cloudinary.com/dqlmiarqk/image/upload/v1778918387/lotusmart/products/happilo/hap-pkn-500.jpg,happilo-premium-pumpkin-seeds-all-natural-jar-900g
Happilo Premium Sunflower Seeds All Natural 250g,"Premium sunflower seeds, rich in Vitamin E and healthy fats","Happilo's Premium Sunflower Seeds are all-natural, packed with Vitamin E, healthy fats and plant protein. Great for snacking and topping salads. Gluten-free.",Seeds,Sunflower,Happilo,HAP-SNF-250,,149,199,114,5,1206,100,250,g,270,1,10,India,12 months,,Sunflower Seeds,,"FSSAI,Non-GMO,Gluten Free",No,Yes,Yes,ASSIDUUS DISTRIBUTION PVT LTD,"sunflower seeds,vitamin e,seeds,healthy fats,snack",seeds,Buy Happilo Premium Sunflower Seeds 250g,"Premium sunflower seeds, rich in Vitamin E and healthy fats. Gluten-free.",,Active,https://res.cloudinary.com/dqlmiarqk/image/upload/v1778918390/lotusmart/products/happilo/hap-snf-250.jpg,happilo-premium-international-nuts-berries
Happilo Premium International Queen Kalmi Dates 250g,"Premium Queen Kalmi dates, soft and naturally sweet, rich in minerals","Happilo's Premium Queen Kalmi Dates are sourced internationally. Soft, juicy and naturally sweet with a rich caramel flavour. Rich in potassium, magnesium and iron. No added sugar.",Dates,Omani,Happilo,HAP-DT-KLM-250,,299,399,228,5,0804,100,250,g,270,1,10,India,12 months,,Dates (Kalmi),,"FSSAI,Gluten Free",No,Yes,Yes,ASSIDUUS DISTRIBUTION PVT LTD,"dates,kalmi dates,khajoor,dry fruits,natural sweet",dates,Buy Happilo Premium Queen Kalmi Dates 250g,"Premium Queen Kalmi dates, soft and naturally sweet, rich in minerals.",,Active,https://res.cloudinary.com/dqlmiarqk/image/upload/v1778918041/lotusmart/products/happilo/hap-dt-klm-250.jpg,premium-international-queen-kalmi-dates
Happilo Premium International Queen Kalmi Dates 500g,"Premium Queen Kalmi dates 500g, naturally sweet, rich in potassium","Happilo's Premium Queen Kalmi Dates 500g. Soft, juicy and naturally sweet. Rich in potassium, magnesium and iron. No added sugar.",Dates,Omani,Happilo,HAP-DT-KLM-500,,549,729,418,5,0804,100,500,g,520,1,10,India,12 months,,Dates,,"FSSAI,Gluten Free",No,Yes,Yes,ASSIDUUS DISTRIBUTION PVT LTD,"dates,kalmi,500g,khajoor,natural sweet",dates,Buy Happilo Premium Queen Kalmi Dates 500g,"500g premium Queen Kalmi dates. Naturally sweet, rich in potassium.",,Active,https://res.cloudinary.com/dqlmiarqk/image/upload/v1778918043/lotusmart/products/happilo/hap-dt-klm-500.jpg,premium-international-queen-kalmi-dates
Happilo Premium International King Medjoul Dates 250g,"Premium King Medjoul dates, large and luxuriously sweet, rich in fibre","Happilo's Premium King Medjoul Dates are the king of dates — large, plump and luxuriously sweet. Rich in fibre, potassium and natural energy. Perfect as a healthy dessert.",Dates,Arabian,Happilo,HAP-DT-MDJ-250,,499,649,380,5,0804,100,250,g,270,1,10,India,12 months,,Medjoul Dates,,"FSSAI,Gluten Free",No,Yes,Yes,ASSIDUUS DISTRIBUTION PVT LTD,"medjool dates,medjoul,king dates,khajoor,luxury dates",dates,Buy Happilo Premium King Medjoul Dates 250g,"Premium King Medjoul dates, large and luxuriously sweet, rich in fibre.",,Active,https://res.cloudinary.com/dqlmiarqk/image/upload/v1778918046/lotusmart/products/happilo/hap-dt-mdj-250.jpg,happilo-premium-international-king-medjoul-dates
Happilo Premium International Ajwa Dates 250g,"Premium Ajwa dates from Medina, soft and rich in antioxidants","Happilo's Premium Ajwa Dates from Medina. Soft, dark and rich in antioxidants, fibre and natural energy. A revered variety of dates with a unique flavour.",Dates,Ajwa,Happilo,HAP-DT-AJW-250,,699,899,532,5,0804,100,250,g,270,1,10,India,12 months,,Ajwa Dates,,"FSSAI,Gluten Free",No,Yes,Yes,ASSIDUUS DISTRIBUTION PVT LTD,"ajwa dates,medina dates,khajoor,antioxidants,premium dates",dates,Buy Happilo Premium Ajwa Dates 250g,"Premium Ajwa dates from Medina, rich in antioxidants and fibre.",,Active,https://res.cloudinary.com/dqlmiarqk/image/upload/v1778918402/lotusmart/products/happilo/hap-dt-ajw-250.jpg,happilo-premium-international-ajwa-dates
Happilo Premium Date Bites Original 200g,"Premium stuffed date bites, naturally sweet, bite-sized healthy snack","Happilo's Date Bites are soft premium dates stuffed with wholesome fillings. Naturally sweet, bite-sized and ready to eat. A healthy alternative to sugary sweets.",Dates,Date Bites,Happilo,HAP-DTB-ORG-200,,299,399,228,5,0804,100,200,g,220,1,10,India,9 months,,"Dates, Nuts",Tree Nuts,"FSSAI,Gluten Free",No,Yes,Yes,ASSIDUUS DISTRIBUTION PVT LTD,"date bites,stuffed dates,healthy sweets,snacks",dates,Buy Happilo Premium Date Bites Original 200g,"Premium stuffed date bites, naturally sweet, healthy alternative to sweets.",,Active,https://res.cloudinary.com/dqlmiarqk/image/upload/v1778918404/lotusmart/products/happilo/hap-dtb-org-200.jpg,happilo-premium-date-bites-cranberry
Happilo Celebration Date Bites Tin 200g,"Premium date bites in elegant tin, perfect for gifting",Happilo's Celebration Date Bites in an elegant tin box. Premium dates stuffed with wholesome fillings. Perfect for gifting on festivals and special occasions.,Dates,Date Bites,Happilo,HAP-DTB-TIN-200,,399,499,305,5,0804,100,200,g,300,1,10,India,9 months,,"Dates, Nuts",Tree Nuts,"FSSAI,Gluten Free",No,Yes,Yes,ASSIDUUS DISTRIBUTION PVT LTD,"date bites tin,gift dates,festival gift,stuffed dates",dates,Buy Happilo Celebration Date Bites Tin 200g,Premium date bites in elegant tin. Perfect festive gift.,,Active,https://res.cloudinary.com/dqlmiarqk/image/upload/v1778918052/lotusmart/products/happilo/hap-dtb-tin-200.jpg,happilo-celebration-date-bites-tin-216g-premium-gift-healthy-snacks-made-with-dates-cashews-california-almonds-pistachios-honey-ghee
Happilo Date Bites Zesty Orange 200g,"Date bites with zesty orange flavour, naturally sweet, healthy snack","Happilo's Date Bites Zesty Orange — soft premium dates with a refreshing orange flavour. Naturally sweet, bite-sized and healthy. No artificial flavours.",Dates,Date Bites,Happilo,HAP-DTB-ONG-200,,299,399,228,5,0804,100,200,g,220,1,10,India,9 months,,"Dates, Orange Flavour",,"FSSAI,Gluten Free",No,Yes,Yes,ASSIDUUS DISTRIBUTION PVT LTD,"date bites orange,zesty dates,healthy sweets,snacks",dates,Buy Happilo Date Bites Zesty Orange 200g,"Date bites with refreshing zesty orange flavour. Naturally sweet, no artificial flavours.",,Active,https://res.cloudinary.com/dqlmiarqk/image/upload/v1778918055/lotusmart/products/happilo/hap-dtb-ong-200.jpg,happilo-premium-date-bites-zesty-orange
Happilo Date Bites Cranberry 200g,"Date bites with cranberry filling, sweet-tart, healthy bite-sized snack","Happilo's Date Bites Cranberry — soft premium dates with tangy cranberry filling. Sweet-tart flavour, bite-sized and healthy. No added preservatives.",Dates,Date Bites,Happilo,HAP-DTB-CRN-200,,299,399,228,5,0804,100,200,g,220,1,10,India,9 months,,"Dates, Cranberry",,"FSSAI,Gluten Free",No,Yes,Yes,ASSIDUUS DISTRIBUTION PVT LTD,"date bites cranberry,stuffed dates,healthy snack,sweet tart",dates,Buy Happilo Date Bites Cranberry 200g,"Date bites with tangy cranberry filling. Naturally sweet, no preservatives.",,Active,https://res.cloudinary.com/dqlmiarqk/image/upload/v1778918057/lotusmart/products/happilo/hap-dtb-crn-200.jpg,happilo-premium-date-bites-cranberry
Happilo Nutritious Daily Super Fitness Trail Mix 200g,"Fitness trail mix with nuts, seeds and berries, high protein, gluten-free","Happilo's Super Fitness Trail Mix is a perfect blend of premium nuts, seeds and dried berries. High in protein, Omega-3 and antioxidants. Ideal for fitness enthusiasts and daily healthy snacking.",Mixes,Fitness Mix,Happilo,HAP-MIX-FIT-200,,249,329,190,5,2008,100,200,g,220,1,10,India,12 months,,"Mixed Nuts, Seeds, Dried Fruits",Tree Nuts,"FSSAI,Non-GMO,Gluten Free",No,Yes,Yes,ASSIDUUS DISTRIBUTION PVT LTD,"trail mix,fitness mix,nuts mix,healthy snack,protein mix",mix,Buy Happilo Super Fitness Trail Mix 200g,"Fitness trail mix with premium nuts, seeds and berries. High protein, gluten-free.",,Active,https://res.cloudinary.com/dqlmiarqk/image/upload/v1778918418/lotusmart/products/happilo/hap-mix-fit-200.png,daily-super-fitness-mix
Happilo Nutritious Daily Super Fitness Trail Mix 400g,"Fitness trail mix 400g, high protein nuts seeds and berries blend","Happilo's Super Fitness Trail Mix 400g. Perfect blend of premium nuts, seeds and dried berries. High in protein, Omega-3 and antioxidants.",Mixes,Fitness Mix,Happilo,HAP-MIX-FIT-400,,449,579,342,5,2008,100,400,g,420,1,10,India,12 months,,"Mixed Nuts, Seeds, Dried Fruits",Tree Nuts,"FSSAI,Non-GMO,Gluten Free",No,Yes,Yes,ASSIDUUS DISTRIBUTION PVT LTD,"trail mix,400g,fitness,nuts,seeds,berries",mix,Buy Happilo Super Fitness Trail Mix 400g,"400g fitness trail mix with premium nuts, seeds and berries.",,Active,https://res.cloudinary.com/dqlmiarqk/image/upload/v1778918421/lotusmart/products/happilo/hap-mix-fit-400.png,daily-super-fitness-mix
Happilo Sweet & Crunchy Premium Seeds & Berries Mix 200g,"Sweet and crunchy seeds and berries mix, antioxidant-rich healthy snack","Happilo's Sweet & Crunchy Seeds & Berries Mix is a delightful combination of premium seeds and dried berries. Rich in antioxidants, Vitamin C and fibre. A perfect snack for any time.",Mixes,Berries Mix,Happilo,HAP-MIX-SBR-200,,229,299,175,5,2008,100,200,g,220,1,10,India,12 months,,"Seeds, Dried Berries, Sugar",,"FSSAI,Gluten Free",No,Yes,Yes,ASSIDUUS DISTRIBUTION PVT LTD,"seeds berries mix,antioxidants,healthy snack,trail mix",mix,Buy Happilo Seeds and Berries Mix 200g,"Sweet and crunchy seeds and berries mix, rich in antioxidants.",,Active,https://res.cloudinary.com/dqlmiarqk/image/upload/v1778918064/lotusmart/products/happilo/hap-mix-sbr-200.png,happilo-premium-international-seeds-berries
Happilo 6 in 1 Super Seeds & Nuts Mix 200g,"6-in-1 super seeds and nuts mix, powerhouse of nutrition","Happilo's 6 in 1 Super Seeds & Nuts Mix combines 6 premium seeds and nuts for maximum nutrition. Rich in Omega-3, protein, zinc and antioxidants. Gluten-free, non-GMO.",Mixes,Nutty Trail Mix,Happilo,HAP-MIX-6IN1-200,,249,329,190,5,2008,100,200,g,220,1,10,India,12 months,,"Mixed Seeds, Mixed Nuts",Tree Nuts,"FSSAI,Non-GMO,Gluten Free",No,Yes,Yes,ASSIDUUS DISTRIBUTION PVT LTD,"super seeds mix,nuts mix,6 in 1,omega 3,protein mix",mix,Buy Happilo 6 in 1 Super Seeds Nuts Mix 200g,"6-in-1 super seeds and nuts mix, rich in Omega-3 and protein. Gluten-free.",,Active,https://res.cloudinary.com/dqlmiarqk/image/upload/v1778918430/lotusmart/products/happilo/hap-mix-6in1-200.jpg,super-seeds-and-nuts-mix
Happilo Roasted Party Mix 150g,"Crunchy roasted party mix with nuts and seeds, perfect party snack","Happilo's Roasted Party Mix is a crunchy and flavourful mix of roasted nuts and seeds. Perfect for parties, gatherings and on-the-go snacking. No preservatives.",Mixes,Roasted Party Mix,Happilo,HAP-MIX-PRT-150,,149,199,114,5,2008,100,150,g,170,1,10,India,6 months,,"Mixed Roasted Nuts, Seeds, Spices",Tree Nuts,"FSSAI,Gluten Free",No,Yes,Yes,ASSIDUUS DISTRIBUTION PVT LTD,"party mix,roasted nuts,snack mix,crunchy snack",mix,Buy Happilo Roasted Party Mix 150g,Crunchy roasted party mix with nuts and seeds. Perfect party snack.,,Active,https://res.cloudinary.com/dqlmiarqk/image/upload/v1778918435/lotusmart/products/happilo/hap-mix-prt-150.jpg,happilo-premium-international-roasted-party-mix
Happilo Nuts & Berries Mix 200g,"Premium nuts and berries mix, protein-rich and antioxidant-packed","Happilo's Nuts & Berries Mix combines premium nuts with dried berries for a wholesome snack. Rich in protein, antioxidants and fibre. Gluten-free, non-GMO.",Mixes,Nuts & Berries Mix,Happilo,HAP-MIX-NBR-200,,249,329,190,5,2008,100,200,g,220,1,10,India,12 months,,"Mixed Nuts, Dried Berries",Tree Nuts,"FSSAI,Non-GMO,Gluten Free",No,Yes,Yes,ASSIDUUS DISTRIBUTION PVT LTD,"nuts berries mix,antioxidants,protein,trail mix,healthy snack",mix,Buy Happilo Nuts and Berries Mix 200g,"Premium nuts and berries mix, rich in protein and antioxidants. Gluten-free.",,Active,https://res.cloudinary.com/dqlmiarqk/image/upload/v1778918073/lotusmart/products/happilo/hap-mix-nbr-200.jpg,happilo-premium-international-nuts-berries
Happilo Champion Mix 150g,"Champion mix of premium nuts and seeds, high protein energy booster",Happilo's Champion Mix is a power-packed blend of premium nuts and seeds. High in protein and energy. Perfect for athletes and fitness enthusiasts.,Mixes,Champion Mix,Happilo,HAP-MIX-CHP-150,,199,259,152,5,2008,100,150,g,170,1,10,India,9 months,,"Mixed Nuts, Seeds",Tree Nuts,"FSSAI,Non-GMO,Gluten Free",No,Yes,Yes,ASSIDUUS DISTRIBUTION PVT LTD,"champion mix,protein mix,energy booster,nuts seeds,fitness",mix,Buy Happilo Champion Mix 150g,"Champion mix of premium nuts and seeds. High protein, perfect for athletes.",,Active,https://res.cloudinary.com/dqlmiarqk/image/upload/v1778918443/lotusmart/products/happilo/hap-mix-chp-150.jpg,happilo-premium-international-nuts-berries
Happilo Popular Nuts Combo 800g (Almonds Cashews Raisins Pistachios),"Popular nuts combo with almonds, cashews, raisins and pistachios 800g","Happilo's Popular Nuts Combo includes premium Californian Almonds (200g), Whole Cashews (200g), Seedless Green Raisins (250g) and Iranian Pistachios (200g). A complete dry fruit gifting solution.",Combos,Nuts Combo,Happilo,HAP-CMB-800,,999,1299,760,5,2008,50,800,g,900,1,5,India,12 months,,"Almonds, Cashews, Raisins, Pistachios",Tree Nuts,"FSSAI,Non-GMO,Gluten Free",No,Yes,Yes,ASSIDUUS DISTRIBUTION PVT LTD,"dry fruits combo,nuts combo,gift pack,almonds cashews,festival gift",combo,Buy Happilo Popular Nuts Combo 800g,"Popular dry fruits combo with almonds, cashews, raisins and pistachios. Perfect gift.",,Active,https://res.cloudinary.com/dqlmiarqk/image/upload/v1778918446/lotusmart/products/happilo/hap-cmb-800.jpg,happilo-premium-international-nuts-berries
Happilo Premium Dry Fruit Combo 1400g (Almond Cashews Pistachios Walnuts),"Premium dry fruit combo 1400g with almonds, cashews, pistachios and walnuts","Happilo's Premium Dry Fruit Combo 1400g includes Almonds (500g), Whole Cashews (500g), Pistachios (200g) and Inshell Walnuts (200g). A premium gifting solution for families.",Combos,Nuts Combo,Happilo,HAP-CMB-1400,,2499,3299,1900,5,2008,30,1400,g,1500,1,3,India,12 months,,"Almonds, Cashews, Pistachios, Walnuts",Tree Nuts,"FSSAI,Non-GMO,Gluten Free",No,Yes,Yes,ASSIDUUS DISTRIBUTION PVT LTD,"premium combo,1400g,dry fruits gift,almonds cashews walnuts",combo,Buy Happilo Premium Dry Fruit Combo 1400g,"Premium 1400g dry fruit combo with almonds, cashews, pistachios and walnuts.",,Active,https://res.cloudinary.com/dqlmiarqk/image/upload/v1778918080/lotusmart/products/happilo/hap-cmb-1400.png,happilo-premium-dry-fruit-combo-1400g-almond-500g-cashews-500g-pistachios-200g-inshell-walnuts-200g
Happilo Dry Fruit Celebrations Gift Box 200g,"Elegant dry fruit celebrations gift box, perfect for festivals and occasions","Happilo's Dry Fruit Celebrations Gift Box is an elegant gifting solution. Contains a curated selection of premium dry fruits in a beautiful presentation box. Perfect for Diwali, Eid and corporate gifting.",Combos,Gift Box,Happilo,HAP-GFT-200,,599,799,456,5,2008,50,200,g,400,1,5,India,9 months,,"Assorted Dry Fruits, Nuts",Tree Nuts,"FSSAI,Gluten Free",No,Yes,Yes,ASSIDUUS DISTRIBUTION PVT LTD,"gift box,dry fruits gift,diwali gift,festival hamper,corporate gift",combo,Buy Happilo Dry Fruit Celebrations Gift Box,Elegant dry fruit gift box for festivals. Premium dry fruits in beautiful packaging.,,Active,https://res.cloudinary.com/dqlmiarqk/image/upload/v1778918083/lotusmart/products/happilo/hap-gft-200.png,happilo-dry-fruit-celebrations-gift-box-zefa-400g